id,selection,replicate,side,trial,RL,choice,time(s)
102,B,1,R,1,R,1,3
102,B,1,R,2,R,1,
102,B,1,R,3,L,0,
102,B,1,R,4,R,1,
102,B,1,R,5,R,1,
102,B,1,R,6,R,1,
102,B,1,R,7,L,0,
102,B,1,R,8,R,1,
102,B,1,R,9,R,1,
102,B,1,R,10,R,1,
102,B,1,R,11,R,1,
102,B,1,R,12,R,1,
102,B,1,R,13,R,1,
102,B,1,R,14,R,1,
102,B,1,R,15,R,1,
102,B,1,R,16,R,1,
102,B,1,R,17,R,1,
102,B,1,R,18,R,1,
102,B,1,R,19,R,1,
102,B,1,R,20,R,1,
102,B,1,R,21,R,1,
102,B,1,R,22,L,0,
102,B,1,R,23,R,1,
102,B,1,R,24,L,0,
102,B,1,R,25,R,1,
102,B,1,R,26,R,1,
102,B,1,R,27,L,0,
102,B,1,R,28,R,1,
102,B,1,R,29,R,1,
102,B,1,R,30,R,1,
102,B,1,R,31,R,1,
102,B,1,R,32,R,1,
102,B,1,R,33,R,1,
102,B,1,R,34,R,1,
102,B,1,R,35,R,1,
102,B,1,R,36,L,0,
102,B,1,R,37,R,1,
102,B,1,R,38,R,1,
102,B,1,R,39,R,1,
102,B,1,R,40,R,1,
103,B,2,L,1,L,1,428
103,B,2,L,2,L,1,
103,B,2,L,3,L,1,
103,B,2,L,4,L,1,
103,B,2,L,5,L,1,
103,B,2,L,6,R,0,
103,B,2,L,7,L,1,
103,B,2,L,8,L,1,
103,B,2,L,9,L,1,
103,B,2,L,10,L,1,
103,B,2,L,11,L,1,
103,B,2,L,12,L,1,
103,B,2,L,13,L,1,
103,B,2,L,14,L,1,
103,B,2,L,15,L,1,
103,B,2,L,16,L,1,
103,B,2,L,17,L,1,
103,B,2,L,18,L,1,
103,B,2,L,19,L,1,
103,B,2,L,20,L,1,
103,B,2,L,21,L,1,
103,B,2,L,22,L,1,
103,B,2,L,23,L,1,
103,B,2,L,24,L,1,
103,B,2,L,25,L,1,
103,B,2,L,26,L,1,
103,B,2,L,27,L,1,
103,B,2,L,28,L,1,
103,B,2,L,29,L,1,
103,B,2,L,30,L,1,
103,B,2,L,31,L,1,
103,B,2,L,32,L,1,
103,B,2,L,33,L,1,
103,B,2,L,34,L,1,
103,B,2,L,35,L,1,
103,B,2,L,36,L,1,
103,B,2,L,37,L,1,
103,B,2,L,38,L,1,
103,B,2,L,39,L,1,
103,B,2,L,40,L,1,
105,B,2,R,1,R,1,13
105,B,2,R,2,L,0,
105,B,2,R,3,R,1,
105,B,2,R,4,R,1,
105,B,2,R,5,R,1,
105,B,2,R,6,R,1,
105,B,2,R,7,R,1,
105,B,2,R,8,R,1,
105,B,2,R,9,R,1,
105,B,2,R,10,R,1,
105,B,2,R,11,R,1,
105,B,2,R,12,R,1,
105,B,2,R,13,R,1,
105,B,2,R,14,R,1,
105,B,2,R,15,R,1,
105,B,2,R,16,R,1,
105,B,2,R,17,L,0,
105,B,2,R,18,R,1,
105,B,2,R,19,R,1,
105,B,2,R,20,L,0,
105,B,2,R,21,R,1,
105,B,2,R,22,R,1,
105,B,2,R,23,R,1,
105,B,2,R,24,R,1,
105,B,2,R,25,L,0,
105,B,2,R,26,L,0,
105,B,2,R,27,L,0,
105,B,2,R,28,R,1,
105,B,2,R,29,R,1,
105,B,2,R,30,R,1,
105,B,2,R,31,R,1,
105,B,2,R,32,R,1,
105,B,2,R,33,R,1,
105,B,2,R,34,R,1,
105,B,2,R,35,R,1,
105,B,2,R,36,R,1,
105,B,2,R,37,L,0,
105,B,2,R,38,R,1,
105,B,2,R,39,R,1,
105,B,2,R,40,R,1,
106,A,1,L,1,L,1,161
106,A,1,L,2,L,1,
106,A,1,L,3,L,1,
106,A,1,L,4,L,1,
106,A,1,L,5,L,1,
106,A,1,L,6,L,1,
106,A,1,L,7,L,1,
106,A,1,L,8,L,1,
106,A,1,L,9,R,0,
106,A,1,L,10,L,1,
106,A,1,L,11,L,1,
106,A,1,L,12,L,1,
106,A,1,L,13,L,1,
106,A,1,L,14,L,1,
106,A,1,L,15,L,1,
106,A,1,L,16,L,1,
106,A,1,L,17,L,1,
106,A,1,L,18,L,1,
106,A,1,L,19,L,1,
106,A,1,L,20,L,1,
106,A,1,L,21,L,1,
106,A,1,L,22,L,1,
106,A,1,L,23,L,1,
106,A,1,L,24,L,1,
106,A,1,L,25,L,1,
106,A,1,L,26,R,0,
106,A,1,L,27,L,1,
106,A,1,L,28,L,1,
106,A,1,L,29,L,1,
106,A,1,L,30,L,1,
106,A,1,L,31,L,1,
106,A,1,L,32,L,1,
106,A,1,L,33,L,1,
106,A,1,L,34,L,1,
106,A,1,L,35,R,0,
106,A,1,L,36,L,1,
106,A,1,L,37,L,1,
106,A,1,L,38,L,1,
106,A,1,L,39,L,1,
106,A,1,L,40,L,1,
107,B,1,R,1,R,1,2
107,B,1,R,2,R,1,
107,B,1,R,3,L,0,
107,B,1,R,4,L,0,
107,B,1,R,5,R,1,
107,B,1,R,6,L,0,
107,B,1,R,7,R,1,
107,B,1,R,8,R,1,
107,B,1,R,9,R,1,
107,B,1,R,10,R,1,
107,B,1,R,11,R,1,
107,B,1,R,12,R,1,
107,B,1,R,13,L,0,
107,B,1,R,14,R,1,
107,B,1,R,15,R,1,
107,B,1,R,16,R,1,
107,B,1,R,17,R,1,
107,B,1,R,18,R,1,
107,B,1,R,19,R,1,
107,B,1,R,20,L,0,
107,B,1,R,21,R,1,
107,B,1,R,22,R,1,
107,B,1,R,23,R,1,
107,B,1,R,24,R,1,
107,B,1,R,25,L,0,
107,B,1,R,26,L,0,
107,B,1,R,27,L,0,
107,B,1,R,28,L,0,
107,B,1,R,29,R,1,
107,B,1,R,30,L,0,
107,B,1,R,31,R,1,
107,B,1,R,32,R,1,
107,B,1,R,33,R,1,
107,B,1,R,34,L,0,
107,B,1,R,35,R,1,
107,B,1,R,36,R,1,
107,B,1,R,37,L,0,
107,B,1,R,38,R,1,
107,B,1,R,39,R,1,
107,B,1,R,40,R,1,
108,B,1,L,1,L,1,3
108,B,1,L,2,L,1,
108,B,1,L,3,R,0,
108,B,1,L,4,L,1,
108,B,1,L,5,L,1,
108,B,1,L,6,L,1,
108,B,1,L,7,R,0,
108,B,1,L,8,R,0,
108,B,1,L,9,L,1,
108,B,1,L,10,R,0,
108,B,1,L,11,L,1,
108,B,1,L,12,L,1,
108,B,1,L,13,L,1,
108,B,1,L,14,L,1,
108,B,1,L,15,L,1,
108,B,1,L,16,L,1,
108,B,1,L,17,R,0,
108,B,1,L,18,L,1,
108,B,1,L,19,L,1,
108,B,1,L,20,L,1,
108,B,1,L,21,L,1,
108,B,1,L,22,R,0,
108,B,1,L,23,R,0,
108,B,1,L,24,L,1,
108,B,1,L,25,L,1,
108,B,1,L,26,L,1,
108,B,1,L,27,L,1,
108,B,1,L,28,L,1,
108,B,1,L,29,L,1,
108,B,1,L,30,L,1,
108,B,1,L,31,L,1,
108,B,1,L,32,R,0,
108,B,1,L,33,L,1,
108,B,1,L,34,R,0,
108,B,1,L,35,L,1,
108,B,1,L,36,L,1,
108,B,1,L,37,L,1,
108,B,1,L,38,L,1,
108,B,1,L,39,R,0,
108,B,1,L,40,L,1,
109,A,1,R,1,L,0,275
109,A,1,R,2,R,1,
109,A,1,R,3,R,1,
109,A,1,R,4,R,1,
109,A,1,R,5,R,1,
109,A,1,R,6,R,1,
109,A,1,R,7,R,1,
109,A,1,R,8,R,1,
109,A,1,R,9,R,1,
109,A,1,R,10,R,1,
109,A,1,R,11,R,1,
109,A,1,R,12,R,1,
109,A,1,R,13,R,1,
109,A,1,R,14,L,0,
109,A,1,R,15,R,1,
109,A,1,R,16,R,1,
109,A,1,R,17,R,1,
109,A,1,R,18,R,1,
109,A,1,R,19,R,1,
109,A,1,R,20,R,1,
109,A,1,R,21,R,1,
109,A,1,R,22,R,1,
109,A,1,R,23,R,1,
109,A,1,R,24,R,1,
109,A,1,R,25,R,1,
109,A,1,R,26,R,1,
109,A,1,R,27,R,1,
109,A,1,R,28,R,1,
109,A,1,R,29,R,1,
109,A,1,R,30,R,1,
109,A,1,R,31,R,1,
109,A,1,R,32,R,1,
109,A,1,R,33,R,1,
109,A,1,R,34,R,1,
109,A,1,R,35,R,1,
109,A,1,R,36,R,1,
109,A,1,R,37,R,1,
109,A,1,R,38,R,1,
109,A,1,R,39,R,1,
109,A,1,R,40,R,1,
111,A,3,L,1,L,1,13
111,A,3,L,2,L,1,
111,A,3,L,3,L,1,
111,A,3,L,4,L,1,
111,A,3,L,5,L,1,
111,A,3,L,6,L,1,
111,A,3,L,7,R,0,
111,A,3,L,8,L,1,
111,A,3,L,9,L,1,
111,A,3,L,10,L,1,
111,A,3,L,11,R,0,
111,A,3,L,12,L,1,
111,A,3,L,13,L,1,
111,A,3,L,14,L,1,
111,A,3,L,15,L,1,
111,A,3,L,16,R,0,
111,A,3,L,17,L,1,
111,A,3,L,18,L,1,
111,A,3,L,19,R,0,
111,A,3,L,20,L,1,
111,A,3,L,21,L,1,
111,A,3,L,22,L,1,
111,A,3,L,23,L,1,
111,A,3,L,24,L,1,
111,A,3,L,25,R,0,
111,A,3,L,26,R,0,
111,A,3,L,27,L,1,
111,A,3,L,28,L,1,
111,A,3,L,29,R,0,
111,A,3,L,30,L,1,
111,A,3,L,31,L,1,
111,A,3,L,32,L,1,
111,A,3,L,33,L,1,
111,A,3,L,34,L,1,
111,A,3,L,35,L,1,
111,A,3,L,36,L,1,
111,A,3,L,37,L,1,
111,A,3,L,38,L,1,
111,A,3,L,39,L,1,
111,A,3,L,40,L,1,
112,B,2,L,1,R,0,9
112,B,2,L,2,L,1,
112,B,2,L,3,L,1,
112,B,2,L,4,R,0,
112,B,2,L,5,L,1,
112,B,2,L,6,L,1,
112,B,2,L,7,R,0,
112,B,2,L,8,L,1,
112,B,2,L,9,L,1,
112,B,2,L,10,R,0,
112,B,2,L,11,L,1,
112,B,2,L,12,L,1,
112,B,2,L,13,L,1,
112,B,2,L,14,L,1,
112,B,2,L,15,L,1,
112,B,2,L,16,L,1,
112,B,2,L,17,L,1,
112,B,2,L,18,L,1,
112,B,2,L,19,L,1,
112,B,2,L,20,R,0,
112,B,2,L,21,R,0,
112,B,2,L,22,R,0,
112,B,2,L,23,L,1,
112,B,2,L,24,L,1,
112,B,2,L,25,L,1,
112,B,2,L,26,R,0,
112,B,2,L,27,L,1,
112,B,2,L,28,L,1,
112,B,2,L,29,R,0,
112,B,2,L,30,L,1,
112,B,2,L,31,L,1,
112,B,2,L,32,L,1,
112,B,2,L,33,L,1,
112,B,2,L,34,L,1,
112,B,2,L,35,L,1,
112,B,2,L,36,R,0,
112,B,2,L,37,L,1,
112,B,2,L,38,L,1,
112,B,2,L,39,L,1,
112,B,2,L,40,L,1,
115,A,2,L,1,L,1,2
115,A,2,L,2,L,1,
115,A,2,L,3,R,0,
115,A,2,L,4,L,1,
115,A,2,L,5,L,1,
115,A,2,L,6,L,1,
115,A,2,L,7,L,1,
115,A,2,L,8,R,0,
115,A,2,L,9,L,1,
115,A,2,L,10,L,1,
115,A,2,L,11,R,0,
115,A,2,L,12,L,1,
115,A,2,L,13,L,1,
115,A,2,L,14,R,0,
115,A,2,L,15,L,1,
115,A,2,L,16,L,1,
115,A,2,L,17,L,1,
115,A,2,L,18,L,1,
115,A,2,L,19,L,1,
115,A,2,L,20,R,0,
115,A,2,L,21,L,1,
115,A,2,L,22,L,1,
115,A,2,L,23,R,0,
115,A,2,L,24,L,1,
115,A,2,L,25,L,1,
115,A,2,L,26,L,1,
115,A,2,L,27,L,1,
115,A,2,L,28,L,1,
115,A,2,L,29,L,1,
115,A,2,L,30,L,1,
115,A,2,L,31,L,1,
115,A,2,L,32,L,1,
115,A,2,L,33,L,1,
115,A,2,L,34,L,1,
115,A,2,L,35,L,1,
115,A,2,L,36,L,1,
115,A,2,L,37,L,1,
115,A,2,L,38,L,1,
115,A,2,L,39,L,1,
115,A,2,L,40,L,1,
118,B,2,R,1,L,0,2
118,B,2,R,2,R,1,
118,B,2,R,3,L,0,
118,B,2,R,4,L,0,
118,B,2,R,5,L,0,
118,B,2,R,6,R,1,
118,B,2,R,7,L,0,
118,B,2,R,8,R,1,
118,B,2,R,9,R,1,
118,B,2,R,10,R,1,
118,B,2,R,11,R,1,
118,B,2,R,12,R,1,
118,B,2,R,13,R,1,
118,B,2,R,14,R,1,
118,B,2,R,15,R,1,
118,B,2,R,16,R,1,
118,B,2,R,17,L,0,
118,B,2,R,18,L,0,
118,B,2,R,19,R,1,
118,B,2,R,20,R,1,
118,B,2,R,21,R,1,
118,B,2,R,22,R,1,
118,B,2,R,23,R,1,
118,B,2,R,24,L,0,
118,B,2,R,25,R,1,
118,B,2,R,26,L,0,
118,B,2,R,27,L,0,
118,B,2,R,28,R,1,
118,B,2,R,29,R,1,
118,B,2,R,30,R,1,
118,B,2,R,31,R,1,
118,B,2,R,32,R,1,
118,B,2,R,33,R,1,
118,B,2,R,34,R,1,
118,B,2,R,35,L,0,
118,B,2,R,36,R,1,
118,B,2,R,37,L,0,
118,B,2,R,38,L,0,
118,B,2,R,39,R,1,
118,B,2,R,40,R,1,
119,B,1,R,1,L,0,5
119,B,1,R,2,L,0,
119,B,1,R,3,R,1,
119,B,1,R,4,R,1,
119,B,1,R,5,R,1,
119,B,1,R,6,R,1,
119,B,1,R,7,R,1,
119,B,1,R,8,R,1,
119,B,1,R,9,R,1,
119,B,1,R,10,R,1,
119,B,1,R,11,R,1,
119,B,1,R,12,R,1,
119,B,1,R,13,L,0,
119,B,1,R,14,R,1,
119,B,1,R,15,R,1,
119,B,1,R,16,R,1,
119,B,1,R,17,R,1,
119,B,1,R,18,R,1,
119,B,1,R,19,R,1,
119,B,1,R,20,L,0,
119,B,1,R,21,R,1,
119,B,1,R,22,R,1,
119,B,1,R,23,R,1,
119,B,1,R,24,R,1,
119,B,1,R,25,R,1,
119,B,1,R,26,R,1,
119,B,1,R,27,R,1,
119,B,1,R,28,R,1,
119,B,1,R,29,R,1,
119,B,1,R,30,R,1,
119,B,1,R,31,R,1,
119,B,1,R,32,R,1,
119,B,1,R,33,R,1,
119,B,1,R,34,L,0,
119,B,1,R,35,R,1,
119,B,1,R,36,R,1,
119,B,1,R,37,R,1,
119,B,1,R,38,R,1,
119,B,1,R,39,R,1,
119,B,1,R,40,L,0,
120,B,3,L,1,R,0,600
120,B,3,L,2,L,1,
120,B,3,L,3,R,0,
120,B,3,L,4,L,1,
120,B,3,L,5,L,1,
120,B,3,L,6,R,0,
120,B,3,L,7,L,1,
120,B,3,L,8,L,1,
120,B,3,L,9,L,1,
120,B,3,L,10,R,0,
120,B,3,L,11,L,1,
120,B,3,L,12,L,1,
120,B,3,L,13,R,0,
120,B,3,L,14,R,0,
120,B,3,L,15,L,1,
120,B,3,L,16,L,1,
120,B,3,L,17,L,1,
120,B,3,L,18,L,1,
120,B,3,L,19,L,1,
120,B,3,L,20,L,1,
120,B,3,L,21,R,0,
120,B,3,L,22,L,1,
120,B,3,L,23,L,1,
120,B,3,L,24,L,1,
120,B,3,L,25,R,0,
120,B,3,L,26,L,1,
120,B,3,L,27,L,1,
120,B,3,L,28,L,1,
120,B,3,L,29,L,1,
120,B,3,L,30,L,1,
120,B,3,L,31,,0,
120,B,3,L,32,,0,
120,B,3,L,33,,0,
120,B,3,L,34,,0,
120,B,3,L,35,,0,
120,B,3,L,36,,0,
120,B,3,L,37,,0,
120,B,3,L,38,,0,
120,B,3,L,39,,0,
120,B,3,L,40,,0,
122,A,1,R,1,R,1,4
122,A,1,R,2,L,0,
122,A,1,R,3,L,0,
122,A,1,R,4,L,0,
122,A,1,R,5,R,1,
122,A,1,R,6,R,1,
122,A,1,R,7,R,1,
122,A,1,R,8,R,1,
122,A,1,R,9,R,1,
122,A,1,R,10,R,1,
122,A,1,R,11,R,1,
122,A,1,R,12,R,1,
122,A,1,R,13,L,0,
122,A,1,R,14,R,1,
122,A,1,R,15,L,0,
122,A,1,R,16,R,1,
122,A,1,R,17,R,1,
122,A,1,R,18,R,1,
122,A,1,R,19,R,1,
122,A,1,R,20,R,1,
122,A,1,R,21,R,1,
122,A,1,R,22,R,1,
122,A,1,R,23,R,1,
122,A,1,R,24,R,1,
122,A,1,R,25,R,1,
122,A,1,R,26,R,1,
122,A,1,R,27,R,1,
122,A,1,R,28,L,0,
122,A,1,R,29,R,1,
122,A,1,R,30,R,1,
122,A,1,R,31,R,1,
122,A,1,R,32,R,1,
122,A,1,R,33,R,1,
122,A,1,R,34,R,1,
122,A,1,R,35,L,0,
122,A,1,R,36,R,1,
122,A,1,R,37,R,1,
122,A,1,R,38,R,1,
122,A,1,R,39,L,0,
122,A,1,R,40,R,1,
123,B,1,L,1,L,1,18
123,B,1,L,2,L,1,
123,B,1,L,3,L,1,
123,B,1,L,4,L,1,
123,B,1,L,5,L,1,
123,B,1,L,6,L,1,
123,B,1,L,7,L,1,
123,B,1,L,8,L,1,
123,B,1,L,9,R,0,
123,B,1,L,10,R,0,
123,B,1,L,11,L,1,
123,B,1,L,12,L,1,
123,B,1,L,13,L,1,
123,B,1,L,14,L,1,
123,B,1,L,15,L,1,
123,B,1,L,16,L,1,
123,B,1,L,17,L,1,
123,B,1,L,18,L,1,
123,B,1,L,19,L,1,
123,B,1,L,20,L,1,
123,B,1,L,21,L,1,
123,B,1,L,22,L,1,
123,B,1,L,23,L,1,
123,B,1,L,24,R,0,
123,B,1,L,25,R,0,
123,B,1,L,26,R,0,
123,B,1,L,27,L,1,
123,B,1,L,28,L,1,
123,B,1,L,29,R,0,
123,B,1,L,30,R,0,
123,B,1,L,31,L,1,
123,B,1,L,32,R,0,
123,B,1,L,33,R,0,
123,B,1,L,34,L,1,
123,B,1,L,35,L,1,
123,B,1,L,36,L,1,
123,B,1,L,37,L,1,
123,B,1,L,38,L,1,
123,B,1,L,39,L,1,
123,B,1,L,40,L,1,
125,A,1,L,1,L,1,4
125,A,1,L,2,L,1,
125,A,1,L,3,R,0,
125,A,1,L,4,L,1,
125,A,1,L,5,L,1,
125,A,1,L,6,L,1,
125,A,1,L,7,L,1,
125,A,1,L,8,L,1,
125,A,1,L,9,L,1,
125,A,1,L,10,L,1,
125,A,1,L,11,L,1,
125,A,1,L,12,L,1,
125,A,1,L,13,R,0,
125,A,1,L,14,L,1,
125,A,1,L,15,R,0,
125,A,1,L,16,R,0,
125,A,1,L,17,L,1,
125,A,1,L,18,L,1,
125,A,1,L,19,L,1,
125,A,1,L,20,L,1,
125,A,1,L,21,L,1,
125,A,1,L,22,L,1,
125,A,1,L,23,L,1,
125,A,1,L,24,L,1,
125,A,1,L,25,L,1,
125,A,1,L,26,L,1,
125,A,1,L,27,L,1,
125,A,1,L,28,L,1,
125,A,1,L,29,L,1,
125,A,1,L,30,R,0,
125,A,1,L,31,L,1,
125,A,1,L,32,L,1,
125,A,1,L,33,L,1,
125,A,1,L,34,L,1,
125,A,1,L,35,R,0,
125,A,1,L,36,L,1,
125,A,1,L,37,L,1,
125,A,1,L,38,L,1,
125,A,1,L,39,R,0,
125,A,1,L,40,R,0,
126,B,1,R,1,L,0,3
126,B,1,R,2,R,1,
126,B,1,R,3,L,0,
126,B,1,R,4,R,1,
126,B,1,R,5,L,0,
126,B,1,R,6,R,1,
126,B,1,R,7,L,0,
126,B,1,R,8,R,1,
126,B,1,R,9,L,0,
126,B,1,R,10,L,0,
126,B,1,R,11,R,1,
126,B,1,R,12,L,0,
126,B,1,R,13,R,1,
126,B,1,R,14,L,0,
126,B,1,R,15,L,0,
126,B,1,R,16,R,1,
126,B,1,R,17,R,1,
126,B,1,R,18,R,1,
126,B,1,R,19,R,1,
126,B,1,R,20,L,0,
126,B,1,R,21,L,0,
126,B,1,R,22,L,0,
126,B,1,R,23,R,1,
126,B,1,R,24,R,1,
126,B,1,R,25,R,1,
126,B,1,R,26,R,1,
126,B,1,R,27,R,1,
126,B,1,R,28,R,1,
126,B,1,R,29,R,1,
126,B,1,R,30,L,0,
126,B,1,R,31,R,1,
126,B,1,R,32,R,1,
126,B,1,R,33,L,0,
126,B,1,R,34,R,1,
126,B,1,R,35,L,0,
126,B,1,R,36,R,1,
126,B,1,R,37,R,1,
126,B,1,R,38,R,1,
126,B,1,R,39,R,1,
126,B,1,R,40,R,1,
127,A,2,L,1,R,0,3
127,A,2,L,2,R,0,
127,A,2,L,3,R,0,
127,A,2,L,4,L,1,
127,A,2,L,5,L,1,
127,A,2,L,6,R,0,
127,A,2,L,7,L,1,
127,A,2,L,8,R,0,
127,A,2,L,9,L,1,
127,A,2,L,10,L,1,
127,A,2,L,11,L,1,
127,A,2,L,12,L,1,
127,A,2,L,13,L,1,
127,A,2,L,14,L,1,
127,A,2,L,15,L,1,
127,A,2,L,16,R,0,
127,A,2,L,17,L,1,
127,A,2,L,18,R,0,
127,A,2,L,19,L,1,
127,A,2,L,20,L,1,
127,A,2,L,21,R,0,
127,A,2,L,22,R,0,
127,A,2,L,23,L,1,
127,A,2,L,24,L,1,
127,A,2,L,25,L,1,
127,A,2,L,26,L,1,
127,A,2,L,27,L,1,
127,A,2,L,28,L,1,
127,A,2,L,29,L,1,
127,A,2,L,30,R,0,
127,A,2,L,31,L,1,
127,A,2,L,32,L,1,
127,A,2,L,33,L,1,
127,A,2,L,34,L,1,
127,A,2,L,35,L,1,
127,A,2,L,36,L,1,
127,A,2,L,37,L,1,
127,A,2,L,38,L,1,
127,A,2,L,39,R,0,
127,A,2,L,40,L,1,
128,A,1,R,1,R,1,2
128,A,1,R,2,R,1,
128,A,1,R,3,R,1,
128,A,1,R,4,R,1,
128,A,1,R,5,R,1,
128,A,1,R,6,R,1,
128,A,1,R,7,R,1,
128,A,1,R,8,R,1,
128,A,1,R,9,R,1,
128,A,1,R,10,R,1,
128,A,1,R,11,R,1,
128,A,1,R,12,R,1,
128,A,1,R,13,R,1,
128,A,1,R,14,R,1,
128,A,1,R,15,R,1,
128,A,1,R,16,R,1,
128,A,1,R,17,R,1,
128,A,1,R,18,R,1,
128,A,1,R,19,L,0,
128,A,1,R,20,R,1,
128,A,1,R,21,R,1,
128,A,1,R,22,R,1,
128,A,1,R,23,R,1,
128,A,1,R,24,L,0,
128,A,1,R,25,L,0,
128,A,1,R,26,R,1,
128,A,1,R,27,R,1,
128,A,1,R,28,R,1,
128,A,1,R,29,R,1,
128,A,1,R,30,R,1,
128,A,1,R,31,R,1,
128,A,1,R,32,L,0,
128,A,1,R,33,R,1,
128,A,1,R,34,L,0,
128,A,1,R,35,L,0,
128,A,1,R,36,R,1,
128,A,1,R,37,R,1,
128,A,1,R,38,L,0,
128,A,1,R,39,L,0,
128,A,1,R,40,R,1,
129,B,1,L,1,R,0,5
129,B,1,L,2,L,1,
129,B,1,L,3,R,0,
129,B,1,L,4,L,1,
129,B,1,L,5,L,1,
129,B,1,L,6,R,0,
129,B,1,L,7,R,0,
129,B,1,L,8,R,0,
129,B,1,L,9,L,1,
129,B,1,L,10,R,0,
129,B,1,L,11,R,0,
129,B,1,L,12,L,1,
129,B,1,L,13,R,0,
129,B,1,L,14,R,0,
129,B,1,L,15,L,1,
129,B,1,L,16,R,0,
129,B,1,L,17,L,1,
129,B,1,L,18,L,1,
129,B,1,L,19,L,1,
129,B,1,L,20,L,1,
129,B,1,L,21,L,1,
129,B,1,L,22,L,1,
129,B,1,L,23,L,1,
129,B,1,L,24,R,0,
129,B,1,L,25,L,1,
129,B,1,L,26,L,1,
129,B,1,L,27,L,1,
129,B,1,L,28,L,1,
129,B,1,L,29,L,1,
129,B,1,L,30,L,1,
129,B,1,L,31,L,1,
129,B,1,L,32,L,1,
129,B,1,L,33,L,1,
129,B,1,L,34,R,0,
129,B,1,L,35,L,1,
129,B,1,L,36,L,1,
129,B,1,L,37,R,0,
129,B,1,L,38,R,0,
129,B,1,L,39,L,1,
129,B,1,L,40,L,1,
131,A,3,L,1,L,1,1
131,A,3,L,2,L,1,
131,A,3,L,3,R,0,
131,A,3,L,4,R,0,
131,A,3,L,5,L,1,
131,A,3,L,6,L,1,
131,A,3,L,7,L,1,
131,A,3,L,8,L,1,
131,A,3,L,9,L,1,
131,A,3,L,10,L,1,
131,A,3,L,11,L,1,
131,A,3,L,12,L,1,
131,A,3,L,13,L,1,
131,A,3,L,14,L,1,
131,A,3,L,15,L,1,
131,A,3,L,16,R,0,
131,A,3,L,17,L,1,
131,A,3,L,18,L,1,
131,A,3,L,19,L,1,
131,A,3,L,20,L,1,
131,A,3,L,21,L,1,
131,A,3,L,22,L,1,
131,A,3,L,23,L,1,
131,A,3,L,24,L,1,
131,A,3,L,25,L,1,
131,A,3,L,26,L,1,
131,A,3,L,27,L,1,
131,A,3,L,28,L,1,
131,A,3,L,29,R,0,
131,A,3,L,30,L,1,
131,A,3,L,31,L,1,
131,A,3,L,32,L,1,
131,A,3,L,33,L,1,
131,A,3,L,34,L,1,
131,A,3,L,35,R,0,
131,A,3,L,36,L,1,
131,A,3,L,37,L,1,
131,A,3,L,38,L,1,
131,A,3,L,39,L,1,
131,A,3,L,40,L,1,
133,B,2,R,1,R,1,20
133,B,2,R,2,R,1,
133,B,2,R,3,R,1,
133,B,2,R,4,R,1,
133,B,2,R,5,L,0,
133,B,2,R,6,R,1,
133,B,2,R,7,R,1,
133,B,2,R,8,R,1,
133,B,2,R,9,R,1,
133,B,2,R,10,R,1,
133,B,2,R,11,R,1,
133,B,2,R,12,R,1,
133,B,2,R,13,R,1,
133,B,2,R,14,R,1,
133,B,2,R,15,R,1,
133,B,2,R,16,R,1,
133,B,2,R,17,R,1,
133,B,2,R,18,R,1,
133,B,2,R,19,R,1,
133,B,2,R,20,R,1,
133,B,2,R,21,R,1,
133,B,2,R,22,R,1,
133,B,2,R,23,R,1,
133,B,2,R,24,R,1,
133,B,2,R,25,R,1,
133,B,2,R,26,R,1,
133,B,2,R,27,R,1,
133,B,2,R,28,R,1,
133,B,2,R,29,R,1,
133,B,2,R,30,R,1,
133,B,2,R,31,R,1,
133,B,2,R,32,R,1,
133,B,2,R,33,R,1,
133,B,2,R,34,R,1,
133,B,2,R,35,R,1,
133,B,2,R,36,R,1,
133,B,2,R,37,L,0,
133,B,2,R,38,R,1,
133,B,2,R,39,R,1,
133,B,2,R,40,R,1,
135,B,2,R,1,R,1,3
135,B,2,R,2,R,1,
135,B,2,R,3,L,0,
135,B,2,R,4,R,1,
135,B,2,R,5,R,1,
135,B,2,R,6,R,1,
135,B,2,R,7,L,0,
135,B,2,R,8,R,1,
135,B,2,R,9,R,1,
135,B,2,R,10,R,1,
135,B,2,R,11,R,1,
135,B,2,R,12,R,1,
135,B,2,R,13,R,1,
135,B,2,R,14,R,1,
135,B,2,R,15,L,0,
135,B,2,R,16,L,0,
135,B,2,R,17,R,1,
135,B,2,R,18,R,1,
135,B,2,R,19,L,0,
135,B,2,R,20,R,1,
135,B,2,R,21,R,1,
135,B,2,R,22,R,1,
135,B,2,R,23,R,1,
135,B,2,R,24,R,1,
135,B,2,R,25,R,1,
135,B,2,R,26,R,1,
135,B,2,R,27,R,1,
135,B,2,R,28,R,1,
135,B,2,R,29,L,0,
135,B,2,R,30,R,1,
135,B,2,R,31,R,1,
135,B,2,R,32,R,1,
135,B,2,R,33,R,1,
135,B,2,R,34,R,1,
135,B,2,R,35,R,1,
135,B,2,R,36,R,1,
135,B,2,R,37,R,1,
135,B,2,R,38,R,1,
135,B,2,R,39,R,1,
135,B,2,R,40,R,1,
137,B,3,R,1,R,1,13
137,B,3,R,2,R,1,
137,B,3,R,3,L,0,
137,B,3,R,4,R,1,
137,B,3,R,5,R,1,
137,B,3,R,6,R,1,
137,B,3,R,7,R,1,
137,B,3,R,8,R,1,
137,B,3,R,9,L,0,
137,B,3,R,10,R,1,
137,B,3,R,11,R,1,
137,B,3,R,12,R,1,
137,B,3,R,13,R,1,
137,B,3,R,14,L,0,
137,B,3,R,15,R,1,
137,B,3,R,16,R,1,
137,B,3,R,17,R,1,
137,B,3,R,18,R,1,
137,B,3,R,19,R,1,
137,B,3,R,20,R,1,
137,B,3,R,21,R,1,
137,B,3,R,22,R,1,
137,B,3,R,23,R,1,
137,B,3,R,24,R,1,
137,B,3,R,25,L,0,
137,B,3,R,26,R,1,
137,B,3,R,27,R,1,
137,B,3,R,28,R,1,
137,B,3,R,29,R,1,
137,B,3,R,30,L,0,
137,B,3,R,31,R,1,
137,B,3,R,32,R,1,
137,B,3,R,33,R,1,
137,B,3,R,34,R,1,
137,B,3,R,35,R,1,
137,B,3,R,36,R,1,
137,B,3,R,37,R,1,
137,B,3,R,38,R,1,
137,B,3,R,39,R,1,
137,B,3,R,40,R,1,
138,A,3,L,1,R,0,3
138,A,3,L,2,R,0,
138,A,3,L,3,R,0,
138,A,3,L,4,R,0,
138,A,3,L,5,L,1,
138,A,3,L,6,L,1,
138,A,3,L,7,R,0,
138,A,3,L,8,L,1,
138,A,3,L,9,R,0,
138,A,3,L,10,L,1,
138,A,3,L,11,L,1,
138,A,3,L,12,L,1,
138,A,3,L,13,R,0,
138,A,3,L,14,L,1,
138,A,3,L,15,L,1,
138,A,3,L,16,L,1,
138,A,3,L,17,L,1,
138,A,3,L,18,L,1,
138,A,3,L,19,L,1,
138,A,3,L,20,L,1,
138,A,3,L,21,L,1,
138,A,3,L,22,L,1,
138,A,3,L,23,L,1,
138,A,3,L,24,L,1,
138,A,3,L,25,L,1,
138,A,3,L,26,L,1,
138,A,3,L,27,L,1,
138,A,3,L,28,L,1,
138,A,3,L,29,L,1,
138,A,3,L,30,R,0,
138,A,3,L,31,L,1,
138,A,3,L,32,L,1,
138,A,3,L,33,L,1,
138,A,3,L,34,L,1,
138,A,3,L,35,L,1,
138,A,3,L,36,L,1,
138,A,3,L,37,L,1,
138,A,3,L,38,L,1,
138,A,3,L,39,L,1,
138,A,3,L,40,L,1,
141,A,3,R,1,L,0,20
141,A,3,R,2,R,1,
141,A,3,R,3,R,1,
141,A,3,R,4,R,1,
141,A,3,R,5,R,1,
141,A,3,R,6,R,1,
141,A,3,R,7,R,1,
141,A,3,R,8,R,1,
141,A,3,R,9,R,1,
141,A,3,R,10,R,1,
141,A,3,R,11,L,0,
141,A,3,R,12,R,1,
141,A,3,R,13,R,1,
141,A,3,R,14,R,1,
141,A,3,R,15,R,1,
141,A,3,R,16,R,1,
141,A,3,R,17,R,1,
141,A,3,R,18,R,1,
141,A,3,R,19,R,1,
141,A,3,R,20,R,1,
141,A,3,R,21,R,1,
141,A,3,R,22,R,1,
141,A,3,R,23,R,1,
141,A,3,R,24,R,1,
141,A,3,R,25,R,1,
141,A,3,R,26,R,1,
141,A,3,R,27,R,1,
141,A,3,R,28,R,1,
141,A,3,R,29,R,1,
141,A,3,R,30,R,1,
141,A,3,R,31,R,1,
141,A,3,R,32,R,1,
141,A,3,R,33,R,1,
141,A,3,R,34,R,1,
141,A,3,R,35,R,1,
141,A,3,R,36,R,1,
141,A,3,R,37,R,1,
141,A,3,R,38,R,1,
141,A,3,R,39,R,1,
141,A,3,R,40,R,1,
145,A,2,R,1,R,1,1
145,A,2,R,2,L,0,
145,A,2,R,3,R,1,
145,A,2,R,4,R,1,
145,A,2,R,5,L,0,
145,A,2,R,6,R,1,
145,A,2,R,7,R,1,
145,A,2,R,8,R,1,
145,A,2,R,9,R,1,
145,A,2,R,10,R,1,
145,A,2,R,11,R,1,
145,A,2,R,12,L,0,
145,A,2,R,13,R,1,
145,A,2,R,14,R,1,
145,A,2,R,15,L,0,
145,A,2,R,16,R,1,
145,A,2,R,17,L,0,
145,A,2,R,18,R,1,
145,A,2,R,19,R,1,
145,A,2,R,20,R,1,
145,A,2,R,21,R,1,
145,A,2,R,22,R,1,
145,A,2,R,23,R,1,
145,A,2,R,24,R,1,
145,A,2,R,25,L,0,
145,A,2,R,26,R,1,
145,A,2,R,27,R,1,
145,A,2,R,28,R,1,
145,A,2,R,29,R,1,
145,A,2,R,30,R,1,
145,A,2,R,31,R,1,
145,A,2,R,32,R,1,
145,A,2,R,33,R,1,
145,A,2,R,34,L,0,
145,A,2,R,35,R,1,
145,A,2,R,36,R,1,
145,A,2,R,37,R,1,
145,A,2,R,38,R,1,
145,A,2,R,39,R,1,
145,A,2,R,40,R,1,
146,B,3,R,1,R,1,6
146,B,3,R,2,R,1,
146,B,3,R,3,R,1,
146,B,3,R,4,R,1,
146,B,3,R,5,R,1,
146,B,3,R,6,L,0,
146,B,3,R,7,R,1,
146,B,3,R,8,L,0,
146,B,3,R,9,R,1,
146,B,3,R,10,L,0,
146,B,3,R,11,R,1,
146,B,3,R,12,L,0,
146,B,3,R,13,L,0,
146,B,3,R,14,R,1,
146,B,3,R,15,R,1,
146,B,3,R,16,L,0,
146,B,3,R,17,L,0,
146,B,3,R,18,L,0,
146,B,3,R,19,R,1,
146,B,3,R,20,R,1,
146,B,3,R,21,R,1,
146,B,3,R,22,R,1,
146,B,3,R,23,L,0,
146,B,3,R,24,L,0,
146,B,3,R,25,L,0,
146,B,3,R,26,R,1,
146,B,3,R,27,R,1,
146,B,3,R,28,R,1,
146,B,3,R,29,L,0,
146,B,3,R,30,L,0,
146,B,3,R,31,R,1,
146,B,3,R,32,R,1,
146,B,3,R,33,R,1,
146,B,3,R,34,R,1,
146,B,3,R,35,R,1,
146,B,3,R,36,R,1,
146,B,3,R,37,R,1,
146,B,3,R,38,R,1,
146,B,3,R,39,R,1,
146,B,3,R,40,R,1,
148,B,1,L,1,R,0,5
148,B,1,L,2,R,0,
148,B,1,L,3,R,0,
148,B,1,L,4,R,0,
148,B,1,L,5,R,0,
148,B,1,L,6,L,1,
148,B,1,L,7,R,0,
148,B,1,L,8,L,1,
148,B,1,L,9,R,0,
148,B,1,L,10,L,1,
148,B,1,L,11,R,0,
148,B,1,L,12,L,1,
148,B,1,L,13,L,1,
148,B,1,L,14,L,1,
148,B,1,L,15,L,1,
148,B,1,L,16,L,1,
148,B,1,L,17,R,0,
148,B,1,L,18,L,1,
148,B,1,L,19,L,1,
148,B,1,L,20,R,0,
148,B,1,L,21,L,1,
148,B,1,L,22,L,1,
148,B,1,L,23,R,0,
148,B,1,L,24,L,1,
148,B,1,L,25,R,0,
148,B,1,L,26,R,0,
148,B,1,L,27,L,1,
148,B,1,L,28,L,1,
148,B,1,L,29,L,1,
148,B,1,L,30,L,1,
148,B,1,L,31,L,1,
148,B,1,L,32,L,1,
148,B,1,L,33,R,0,
148,B,1,L,34,L,1,
148,B,1,L,35,L,1,
148,B,1,L,36,L,1,
148,B,1,L,37,L,1,
148,B,1,L,38,L,1,
148,B,1,L,39,L,1,
148,B,1,L,40,L,1,
151,B,3,R,1,R,1,4
151,B,3,R,2,R,1,
151,B,3,R,3,R,1,
151,B,3,R,4,R,1,
151,B,3,R,5,R,1,
151,B,3,R,6,R,1,
151,B,3,R,7,L,0,
151,B,3,R,8,L,0,
151,B,3,R,9,L,0,
151,B,3,R,10,L,0,
151,B,3,R,11,R,1,
151,B,3,R,12,R,1,
151,B,3,R,13,L,0,
151,B,3,R,14,L,0,
151,B,3,R,15,L,0,
151,B,3,R,16,L,0,
151,B,3,R,17,R,1,
151,B,3,R,18,R,1,
151,B,3,R,19,R,1,
151,B,3,R,20,R,1,
151,B,3,R,21,R,1,
151,B,3,R,22,R,1,
151,B,3,R,23,R,1,
151,B,3,R,24,R,1,
151,B,3,R,25,R,1,
151,B,3,R,26,R,1,
151,B,3,R,27,R,1,
151,B,3,R,28,R,1,
151,B,3,R,29,L,0,
151,B,3,R,30,L,0,
151,B,3,R,31,R,1,
151,B,3,R,32,R,1,
151,B,3,R,33,R,1,
151,B,3,R,34,L,0,
151,B,3,R,35,R,1,
151,B,3,R,36,R,1,
151,B,3,R,37,R,1,
151,B,3,R,38,,0,
151,B,3,R,39,,0,
151,B,3,R,40,,0,
154,A,3,L,1,R,0,27
154,A,3,L,2,L,1,
154,A,3,L,3,L,1,
154,A,3,L,4,L,1,
154,A,3,L,5,L,1,
154,A,3,L,6,R,0,
154,A,3,L,7,L,1,
154,A,3,L,8,L,1,
154,A,3,L,9,L,1,
154,A,3,L,10,L,1,
154,A,3,L,11,L,1,
154,A,3,L,12,L,1,
154,A,3,L,13,L,1,
154,A,3,L,14,L,1,
154,A,3,L,15,L,1,
154,A,3,L,16,L,1,
154,A,3,L,17,L,1,
154,A,3,L,18,L,1,
154,A,3,L,19,L,1,
154,A,3,L,20,L,1,
154,A,3,L,21,L,1,
154,A,3,L,22,L,1,
154,A,3,L,23,L,1,
154,A,3,L,24,L,1,
154,A,3,L,25,L,1,
154,A,3,L,26,L,1,
154,A,3,L,27,L,1,
154,A,3,L,28,L,1,
154,A,3,L,29,L,1,
154,A,3,L,30,R,0,
154,A,3,L,31,L,1,
154,A,3,L,32,L,1,
154,A,3,L,33,L,1,
154,A,3,L,34,L,1,
154,A,3,L,35,L,1,
154,A,3,L,36,L,1,
154,A,3,L,37,L,1,
154,A,3,L,38,L,1,
154,A,3,L,39,L,1,
154,A,3,L,40,L,1,
156,A,2,L,1,R,0,380
156,A,2,L,2,R,0,
156,A,2,L,3,L,1,
156,A,2,L,4,L,1,
156,A,2,L,5,L,1,
156,A,2,L,6,R,0,
156,A,2,L,7,L,1,
156,A,2,L,8,R,0,
156,A,2,L,9,L,1,
156,A,2,L,10,L,1,
156,A,2,L,11,R,0,
156,A,2,L,12,R,0,
156,A,2,L,13,L,1,
156,A,2,L,14,L,1,
156,A,2,L,15,L,1,
156,A,2,L,16,L,1,
156,A,2,L,17,L,1,
156,A,2,L,18,L,1,
156,A,2,L,19,L,1,
156,A,2,L,20,L,1,
156,A,2,L,21,L,1,
156,A,2,L,22,L,1,
156,A,2,L,23,L,1,
156,A,2,L,24,L,1,
156,A,2,L,25,L,1,
156,A,2,L,26,L,1,
156,A,2,L,27,L,1,
156,A,2,L,28,L,1,
156,A,2,L,29,R,0,
156,A,2,L,30,L,1,
156,A,2,L,31,L,1,
156,A,2,L,32,L,1,
156,A,2,L,33,R,0,
156,A,2,L,34,L,1,
156,A,2,L,35,R,0,
156,A,2,L,36,R,0,
156,A,2,L,37,L,1,
156,A,2,L,38,L,1,
156,A,2,L,39,L,1,
156,A,2,L,40,R,0,
159,A,3,R,1,R,1,7
159,A,3,R,2,R,1,
159,A,3,R,3,R,1,
159,A,3,R,4,R,1,
159,A,3,R,5,R,1,
159,A,3,R,6,R,1,
159,A,3,R,7,R,1,
159,A,3,R,8,R,1,
159,A,3,R,9,R,1,
159,A,3,R,10,R,1,
159,A,3,R,11,R,1,
159,A,3,R,12,R,1,
159,A,3,R,13,R,1,
159,A,3,R,14,R,1,
159,A,3,R,15,L,0,
159,A,3,R,16,R,1,
159,A,3,R,17,R,1,
159,A,3,R,18,R,1,
159,A,3,R,19,L,0,
159,A,3,R,20,R,1,
159,A,3,R,21,R,1,
159,A,3,R,22,R,1,
159,A,3,R,23,R,1,
159,A,3,R,24,R,1,
159,A,3,R,25,R,1,
159,A,3,R,26,R,1,
159,A,3,R,27,R,1,
159,A,3,R,28,R,1,
159,A,3,R,29,R,1,
159,A,3,R,30,R,1,
159,A,3,R,31,R,1,
159,A,3,R,32,R,1,
159,A,3,R,33,L,0,
159,A,3,R,34,R,1,
159,A,3,R,35,L,0,
159,A,3,R,36,L,0,
159,A,3,R,37,R,1,
159,A,3,R,38,R,1,
159,A,3,R,39,L,0,
159,A,3,R,40,R,1,
160,B,1,L,1,L,1,2
160,B,1,L,2,R,0,
160,B,1,L,3,L,1,
160,B,1,L,4,R,0,
160,B,1,L,5,L,1,
160,B,1,L,6,L,1,
160,B,1,L,7,L,1,
160,B,1,L,8,L,1,
160,B,1,L,9,L,1,
160,B,1,L,10,L,1,
160,B,1,L,11,L,1,
160,B,1,L,12,L,1,
160,B,1,L,13,R,0,
160,B,1,L,14,L,1,
160,B,1,L,15,L,1,
160,B,1,L,16,L,1,
160,B,1,L,17,L,1,
160,B,1,L,18,L,1,
160,B,1,L,19,L,1,
160,B,1,L,20,L,1,
160,B,1,L,21,R,0,
160,B,1,L,22,L,1,
160,B,1,L,23,R,0,
160,B,1,L,24,L,1,
160,B,1,L,25,L,1,
160,B,1,L,26,R,0,
160,B,1,L,27,L,1,
160,B,1,L,28,L,1,
160,B,1,L,29,L,1,
160,B,1,L,30,L,1,
160,B,1,L,31,L,1,
160,B,1,L,32,L,1,
160,B,1,L,33,L,1,
160,B,1,L,34,L,1,
160,B,1,L,35,L,1,
160,B,1,L,36,L,1,
160,B,1,L,37,L,1,
160,B,1,L,38,L,1,
160,B,1,L,39,L,1,
160,B,1,L,40,R,0,
161,B,3,L,1,L,1,22
161,B,3,L,2,L,1,
161,B,3,L,3,L,1,
161,B,3,L,4,L,1,
161,B,3,L,5,L,1,
161,B,3,L,6,L,1,
161,B,3,L,7,R,0,
161,B,3,L,8,L,1,
161,B,3,L,9,L,1,
161,B,3,L,10,L,1,
161,B,3,L,11,L,1,
161,B,3,L,12,L,1,
161,B,3,L,13,R,0,
161,B,3,L,14,L,1,
161,B,3,L,15,L,1,
161,B,3,L,16,L,1,
161,B,3,L,17,L,1,
161,B,3,L,18,L,1,
161,B,3,L,19,L,1,
161,B,3,L,20,L,1,
161,B,3,L,21,L,1,
161,B,3,L,22,R,0,
161,B,3,L,23,L,1,
161,B,3,L,24,L,1,
161,B,3,L,25,L,1,
161,B,3,L,26,L,1,
161,B,3,L,27,L,1,
161,B,3,L,28,L,1,
161,B,3,L,29,L,1,
161,B,3,L,30,L,1,
161,B,3,L,31,L,1,
161,B,3,L,32,L,1,
161,B,3,L,33,L,1,
161,B,3,L,34,L,1,
161,B,3,L,35,L,1,
161,B,3,L,36,L,1,
161,B,3,L,37,L,1,
161,B,3,L,38,L,1,
161,B,3,L,39,L,1,
161,B,3,L,40,L,1,
164,A,1,R,1,L,0,9
164,A,1,R,2,R,1,
164,A,1,R,3,R,1,
164,A,1,R,4,R,1,
164,A,1,R,5,R,1,
164,A,1,R,6,R,1,
164,A,1,R,7,L,0,
164,A,1,R,8,R,1,
164,A,1,R,9,L,0,
164,A,1,R,10,L,0,
164,A,1,R,11,R,1,
164,A,1,R,12,L,0,
164,A,1,R,13,L,0,
164,A,1,R,14,R,1,
164,A,1,R,15,R,1,
164,A,1,R,16,R,1,
164,A,1,R,17,L,0,
164,A,1,R,18,R,1,
164,A,1,R,19,R,1,
164,A,1,R,20,L,0,
164,A,1,R,21,R,1,
164,A,1,R,22,R,1,
164,A,1,R,23,L,0,
164,A,1,R,24,R,1,
164,A,1,R,25,R,1,
164,A,1,R,26,R,1,
164,A,1,R,27,R,1,
164,A,1,R,28,R,1,
164,A,1,R,29,L,0,
164,A,1,R,30,L,0,
164,A,1,R,31,R,1,
164,A,1,R,32,R,1,
164,A,1,R,33,R,1,
164,A,1,R,34,R,1,
164,A,1,R,35,R,1,
164,A,1,R,36,R,1,
164,A,1,R,37,R,1,
164,A,1,R,38,L,0,
164,A,1,R,39,R,1,
164,A,1,R,40,R,1,
165,A,3,R,1,L,0,2
165,A,3,R,2,R,1,
165,A,3,R,3,R,1,
165,A,3,R,4,R,1,
165,A,3,R,5,R,1,
165,A,3,R,6,R,1,
165,A,3,R,7,R,1,
165,A,3,R,8,L,0,
165,A,3,R,9,R,1,
165,A,3,R,10,R,1,
165,A,3,R,11,R,1,
165,A,3,R,12,R,1,
165,A,3,R,13,R,1,
165,A,3,R,14,R,1,
165,A,3,R,15,R,1,
165,A,3,R,16,R,1,
165,A,3,R,17,R,1,
165,A,3,R,18,R,1,
165,A,3,R,19,R,1,
165,A,3,R,20,R,1,
165,A,3,R,21,R,1,
165,A,3,R,22,R,1,
165,A,3,R,23,R,1,
165,A,3,R,24,R,1,
165,A,3,R,25,R,1,
165,A,3,R,26,R,1,
165,A,3,R,27,R,1,
165,A,3,R,28,R,1,
165,A,3,R,29,R,1,
165,A,3,R,30,R,1,
165,A,3,R,31,R,1,
165,A,3,R,32,R,1,
165,A,3,R,33,R,1,
165,A,3,R,34,R,1,
165,A,3,R,35,R,1,
165,A,3,R,36,R,1,
165,A,3,R,37,R,1,
165,A,3,R,38,R,1,
165,A,3,R,39,R,1,
165,A,3,R,40,R,1,
166,A,1,L,1,L,1,1
166,A,1,L,2,R,0,
166,A,1,L,3,R,0,
166,A,1,L,4,L,1,
166,A,1,L,5,L,1,
166,A,1,L,6,L,1,
166,A,1,L,7,L,1,
166,A,1,L,8,R,0,
166,A,1,L,9,L,1,
166,A,1,L,10,L,1,
166,A,1,L,11,R,0,
166,A,1,L,12,L,1,
166,A,1,L,13,L,1,
166,A,1,L,14,L,1,
166,A,1,L,15,R,0,
166,A,1,L,16,L,1,
166,A,1,L,17,R,0,
166,A,1,L,18,L,1,
166,A,1,L,19,L,1,
166,A,1,L,20,L,1,
166,A,1,L,21,R,0,
166,A,1,L,22,L,1,
166,A,1,L,23,L,1,
166,A,1,L,24,L,1,
166,A,1,L,25,L,1,
166,A,1,L,26,L,1,
166,A,1,L,27,L,1,
166,A,1,L,28,L,1,
166,A,1,L,29,L,1,
166,A,1,L,30,R,0,
166,A,1,L,31,R,0,
166,A,1,L,32,R,0,
166,A,1,L,33,L,1,
166,A,1,L,34,L,1,
166,A,1,L,35,L,1,
166,A,1,L,36,L,1,
166,A,1,L,37,L,1,
166,A,1,L,38,R,0,
166,A,1,L,39,L,1,
166,A,1,L,40,L,1,
168,B,3,R,1,R,1,
168,B,3,R,2,L,0,5
168,B,3,R,3,L,0,
168,B,3,R,4,R,1,
168,B,3,R,5,R,1,
168,B,3,R,6,R,1,
168,B,3,R,7,R,1,
168,B,3,R,8,R,1,
168,B,3,R,9,R,1,
168,B,3,R,10,R,1,
168,B,3,R,11,R,1,
168,B,3,R,12,R,1,
168,B,3,R,13,R,1,
168,B,3,R,14,L,0,
168,B,3,R,15,L,0,
168,B,3,R,16,R,1,
168,B,3,R,17,R,1,
168,B,3,R,18,L,0,
168,B,3,R,19,L,0,
168,B,3,R,20,R,1,
168,B,3,R,21,L,0,
168,B,3,R,22,R,1,
168,B,3,R,23,L,0,
168,B,3,R,24,L,0,
168,B,3,R,25,R,1,
168,B,3,R,26,R,1,
168,B,3,R,27,L,0,
168,B,3,R,28,R,1,
168,B,3,R,29,L,0,
168,B,3,R,30,R,1,
168,B,3,R,31,R,1,
168,B,3,R,32,L,0,
168,B,3,R,33,R,1,
168,B,3,R,34,R,1,
168,B,3,R,35,R,1,
168,B,3,R,36,R,1,
168,B,3,R,37,R,1,
168,B,3,R,38,R,1,
168,B,3,R,39,R,1,
168,B,3,R,40,R,1,
169,A,3,R,1,R,1,
169,A,3,R,2,R,1,530
169,A,3,R,3,R,1,
169,A,3,R,4,R,1,
169,A,3,R,5,R,1,
169,A,3,R,6,R,1,
169,A,3,R,7,L,0,
169,A,3,R,8,R,1,
169,A,3,R,9,R,1,
169,A,3,R,10,R,1,
169,A,3,R,11,R,1,
169,A,3,R,12,R,1,
169,A,3,R,13,L,0,
169,A,3,R,14,R,1,
169,A,3,R,15,R,1,
169,A,3,R,16,R,1,
169,A,3,R,17,R,1,
169,A,3,R,18,R,1,
169,A,3,R,19,R,1,
169,A,3,R,20,R,1,
169,A,3,R,21,R,1,
169,A,3,R,22,L,0,
169,A,3,R,23,R,1,
169,A,3,R,24,R,1,
169,A,3,R,25,L,0,
169,A,3,R,26,R,1,
169,A,3,R,27,R,1,
169,A,3,R,28,R,1,
169,A,3,R,29,R,1,
169,A,3,R,30,R,1,
169,A,3,R,31,R,1,
169,A,3,R,32,R,1,
169,A,3,R,33,R,1,
169,A,3,R,34,R,1,
169,A,3,R,35,R,1,
169,A,3,R,36,L,0,
169,A,3,R,37,R,1,
169,A,3,R,38,R,1,
169,A,3,R,39,R,1,
169,A,3,R,40,R,1,
170,A,2,L,1,L,1,
170,A,2,L,2,L,1,5
170,A,2,L,3,R,0,
170,A,2,L,4,L,1,
170,A,2,L,5,L,1,
170,A,2,L,6,L,1,
170,A,2,L,7,R,0,
170,A,2,L,8,R,0,
170,A,2,L,9,L,1,
170,A,2,L,10,R,0,
170,A,2,L,11,L,1,
170,A,2,L,12,L,1,
170,A,2,L,13,L,1,
170,A,2,L,14,L,1,
170,A,2,L,15,L,1,
170,A,2,L,16,R,0,
170,A,2,L,17,L,1,
170,A,2,L,18,L,1,
170,A,2,L,19,L,1,
170,A,2,L,20,L,1,
170,A,2,L,21,L,1,
170,A,2,L,22,L,1,
170,A,2,L,23,L,1,
170,A,2,L,24,L,1,
170,A,2,L,25,L,1,
170,A,2,L,26,L,1,
170,A,2,L,27,L,1,
170,A,2,L,28,L,1,
170,A,2,L,29,L,1,
170,A,2,L,30,L,1,
170,A,2,L,31,L,1,
170,A,2,L,32,L,1,
170,A,2,L,33,L,1,
170,A,2,L,34,L,1,
170,A,2,L,35,L,1,
170,A,2,L,36,R,0,
170,A,2,L,37,L,1,
170,A,2,L,38,L,1,
170,A,2,L,39,L,1,
170,A,2,L,40,L,1,
171,B,2,R,1,L,0,
171,B,2,R,2,L,0,14
171,B,2,R,3,R,1,
171,B,2,R,4,R,1,
171,B,2,R,5,R,1,
171,B,2,R,6,R,1,
171,B,2,R,7,R,1,
171,B,2,R,8,R,1,
171,B,2,R,9,R,1,
171,B,2,R,10,R,1,
171,B,2,R,11,R,1,
171,B,2,R,12,L,0,
171,B,2,R,13,R,1,
171,B,2,R,14,R,1,
171,B,2,R,15,R,1,
171,B,2,R,16,R,1,
171,B,2,R,17,R,1,
171,B,2,R,18,R,1,
171,B,2,R,19,R,1,
171,B,2,R,20,R,1,
171,B,2,R,21,R,1,
171,B,2,R,22,R,1,
171,B,2,R,23,R,1,
171,B,2,R,24,L,0,
171,B,2,R,25,R,1,
171,B,2,R,26,R,1,
171,B,2,R,27,L,0,
171,B,2,R,28,R,1,
171,B,2,R,29,R,1,
171,B,2,R,30,R,1,
171,B,2,R,31,R,1,
171,B,2,R,32,R,1,
171,B,2,R,33,R,1,
171,B,2,R,34,R,1,
171,B,2,R,35,L,0,
171,B,2,R,36,R,1,
171,B,2,R,37,R,1,
171,B,2,R,38,R,1,
171,B,2,R,39,R,1,
171,B,2,R,40,R,1,
172,A,2,R,1,L,0,
172,A,2,R,2,R,1,2
172,A,2,R,3,R,1,
172,A,2,R,4,R,1,
172,A,2,R,5,R,1,
172,A,2,R,6,L,0,
172,A,2,R,7,R,1,
172,A,2,R,8,R,1,
172,A,2,R,9,R,1,
172,A,2,R,10,R,1,
172,A,2,R,11,R,1,
172,A,2,R,12,R,1,
172,A,2,R,13,R,1,
172,A,2,R,14,R,1,
172,A,2,R,15,L,0,
172,A,2,R,16,R,1,
172,A,2,R,17,R,1,
172,A,2,R,18,R,1,
172,A,2,R,19,R,1,
172,A,2,R,20,R,1,
172,A,2,R,21,L,0,
172,A,2,R,22,R,1,
172,A,2,R,23,R,1,
172,A,2,R,24,L,0,
172,A,2,R,25,R,1,
172,A,2,R,26,R,1,
172,A,2,R,27,L,0,
172,A,2,R,28,L,0,
172,A,2,R,29,L,0,
172,A,2,R,30,L,0,
172,A,2,R,31,R,1,
172,A,2,R,32,R,1,
172,A,2,R,33,R,1,
172,A,2,R,34,R,1,
172,A,2,R,35,L,0,
172,A,2,R,36,R,1,
172,A,2,R,37,R,1,
172,A,2,R,38,R,1,
172,A,2,R,39,R,1,
172,A,2,R,40,R,1,
173,A,2,R,1,R,1,
173,A,2,R,2,R,1,37
173,A,2,R,3,R,1,
173,A,2,R,4,R,1,
173,A,2,R,5,R,1,
173,A,2,R,6,R,1,
173,A,2,R,7,R,1,
173,A,2,R,8,R,1,
173,A,2,R,9,R,1,
173,A,2,R,10,R,1,
173,A,2,R,11,R,1,
173,A,2,R,12,R,1,
173,A,2,R,13,R,1,
173,A,2,R,14,R,1,
173,A,2,R,15,R,1,
173,A,2,R,16,R,1,
173,A,2,R,17,R,1,
173,A,2,R,18,L,0,
173,A,2,R,19,R,1,
173,A,2,R,20,R,1,
173,A,2,R,21,R,1,
173,A,2,R,22,R,1,
173,A,2,R,23,R,1,
173,A,2,R,24,R,1,
173,A,2,R,25,L,0,
173,A,2,R,26,R,1,
173,A,2,R,27,R,1,
173,A,2,R,28,L,0,
173,A,2,R,29,R,1,
173,A,2,R,30,R,1,
173,A,2,R,31,L,0,
173,A,2,R,32,R,1,
173,A,2,R,33,R,1,
173,A,2,R,34,R,1,
173,A,2,R,35,R,1,
173,A,2,R,36,R,1,
173,A,2,R,37,R,1,
173,A,2,R,38,R,1,
173,A,2,R,39,R,1,
173,A,2,R,40,R,1,
176,A,1,L,1,L,1,
176,A,1,L,2,L,1,11
176,A,1,L,3,R,0,
176,A,1,L,4,L,1,
176,A,1,L,5,L,1,
176,A,1,L,6,L,1,
176,A,1,L,7,L,1,
176,A,1,L,8,L,1,
176,A,1,L,9,L,1,
176,A,1,L,10,L,1,
176,A,1,L,11,L,1,
176,A,1,L,12,R,0,
176,A,1,L,13,L,1,
176,A,1,L,14,L,1,
176,A,1,L,15,L,1,
176,A,1,L,16,L,1,
176,A,1,L,17,L,1,
176,A,1,L,18,L,1,
176,A,1,L,19,L,1,
176,A,1,L,20,L,1,
176,A,1,L,21,L,1,
176,A,1,L,22,L,1,
176,A,1,L,23,R,0,
176,A,1,L,24,L,1,
176,A,1,L,25,L,1,
176,A,1,L,26,L,1,
176,A,1,L,27,L,1,
176,A,1,L,28,L,1,
176,A,1,L,29,L,1,
176,A,1,L,30,L,1,
176,A,1,L,31,L,1,
176,A,1,L,32,L,1,
176,A,1,L,33,L,1,
176,A,1,L,34,L,1,
176,A,1,L,35,L,1,
176,A,1,L,36,R,0,
176,A,1,L,37,L,1,
176,A,1,L,38,L,1,
176,A,1,L,39,L,1,
176,A,1,L,40,L,1,
177,A,1,L,1,L,1,
177,A,1,L,2,L,1,9
177,A,1,L,3,L,1,
177,A,1,L,4,R,0,
177,A,1,L,5,L,1,
177,A,1,L,6,L,1,
177,A,1,L,7,R,0,
177,A,1,L,8,R,0,
177,A,1,L,9,R,0,
177,A,1,L,10,L,1,
177,A,1,L,11,L,1,
177,A,1,L,12,L,1,
177,A,1,L,13,L,1,
177,A,1,L,14,L,1,
177,A,1,L,15,L,1,
177,A,1,L,16,L,1,
177,A,1,L,17,L,1,
177,A,1,L,18,L,1,
177,A,1,L,19,L,1,
177,A,1,L,20,L,1,
177,A,1,L,21,L,1,
177,A,1,L,22,L,1,
177,A,1,L,23,L,1,
177,A,1,L,24,L,1,
177,A,1,L,25,L,1,
177,A,1,L,26,L,1,
177,A,1,L,27,L,1,
177,A,1,L,28,R,0,
177,A,1,L,29,L,1,
177,A,1,L,30,L,1,
177,A,1,L,31,L,1,
177,A,1,L,32,L,1,
177,A,1,L,33,L,1,
177,A,1,L,34,L,1,
177,A,1,L,35,L,1,
177,A,1,L,36,L,1,
177,A,1,L,37,L,1,
177,A,1,L,38,L,1,
177,A,1,L,39,L,1,
177,A,1,L,40,L,1,
178,B,3,R,1,L,0,
178,B,3,R,2,R,1,4
178,B,3,R,3,R,1,
178,B,3,R,4,R,1,
178,B,3,R,5,R,1,
178,B,3,R,6,L,0,
178,B,3,R,7,R,1,
178,B,3,R,8,R,1,
178,B,3,R,9,L,0,
178,B,3,R,10,R,1,
178,B,3,R,11,R,1,
178,B,3,R,12,L,0,
178,B,3,R,13,R,1,
178,B,3,R,14,R,1,
178,B,3,R,15,R,1,
178,B,3,R,16,R,1,
178,B,3,R,17,L,0,
178,B,3,R,18,L,0,
178,B,3,R,19,R,1,
178,B,3,R,20,L,0,
178,B,3,R,21,L,0,
178,B,3,R,22,R,1,
178,B,3,R,23,R,1,
178,B,3,R,24,L,0,
178,B,3,R,25,L,0,
178,B,3,R,26,R,1,
178,B,3,R,27,R,1,
178,B,3,R,28,L,0,
178,B,3,R,29,L,0,
178,B,3,R,30,L,0,
178,B,3,R,31,R,1,
178,B,3,R,32,R,1,
178,B,3,R,33,L,0,
178,B,3,R,34,R,1,
178,B,3,R,35,L,0,
178,B,3,R,36,R,1,
178,B,3,R,37,R,1,
178,B,3,R,38,R,1,
178,B,3,R,39,R,1,
178,B,3,R,40,R,1,
179,A,1,R,1,R,1,
179,A,1,R,2,R,1,3
179,A,1,R,3,L,0,
179,A,1,R,4,R,1,
179,A,1,R,5,R,1,
179,A,1,R,6,R,1,
179,A,1,R,7,R,1,
179,A,1,R,8,R,1,
179,A,1,R,9,R,1,
179,A,1,R,10,R,1,
179,A,1,R,11,R,1,
179,A,1,R,12,R,1,
179,A,1,R,13,R,1,
179,A,1,R,14,R,1,
179,A,1,R,15,R,1,
179,A,1,R,16,R,1,
179,A,1,R,17,R,1,
179,A,1,R,18,R,1,
179,A,1,R,19,R,1,
179,A,1,R,20,R,1,
179,A,1,R,21,R,1,
179,A,1,R,22,R,1,
179,A,1,R,23,R,1,
179,A,1,R,24,R,1,
179,A,1,R,25,R,1,
179,A,1,R,26,R,1,
179,A,1,R,27,R,1,
179,A,1,R,28,R,1,
179,A,1,R,29,R,1,
179,A,1,R,30,R,1,
179,A,1,R,31,R,1,
179,A,1,R,32,R,1,
179,A,1,R,33,R,1,
179,A,1,R,34,R,1,
179,A,1,R,35,R,1,
179,A,1,R,36,R,1,
179,A,1,R,37,R,1,
179,A,1,R,38,R,1,
179,A,1,R,39,R,1,
179,A,1,R,40,R,1,
180,A,3,R,1,R,1,
180,A,3,R,2,R,1,3
180,A,3,R,3,R,1,
180,A,3,R,4,L,0,
180,A,3,R,5,R,1,
180,A,3,R,6,R,1,
180,A,3,R,7,R,1,
180,A,3,R,8,R,1,
180,A,3,R,9,L,0,
180,A,3,R,10,L,0,
180,A,3,R,11,L,0,
180,A,3,R,12,L,0,
180,A,3,R,13,R,1,
180,A,3,R,14,R,1,
180,A,3,R,15,R,1,
180,A,3,R,16,R,1,
180,A,3,R,17,R,1,
180,A,3,R,18,R,1,
180,A,3,R,19,R,1,
180,A,3,R,20,R,1,
180,A,3,R,21,L,0,
180,A,3,R,22,R,1,
180,A,3,R,23,R,1,
180,A,3,R,24,R,1,
180,A,3,R,25,R,1,
180,A,3,R,26,R,1,
180,A,3,R,27,R,1,
180,A,3,R,28,R,1,
180,A,3,R,29,R,1,
180,A,3,R,30,R,1,
180,A,3,R,31,L,0,
180,A,3,R,32,R,1,
180,A,3,R,33,R,1,
180,A,3,R,34,R,1,
180,A,3,R,35,R,1,
180,A,3,R,36,R,1,
180,A,3,R,37,R,1,
180,A,3,R,38,L,0,
180,A,3,R,39,L,0,
180,A,3,R,40,R,1,
181,B,3,R,1,R,1,
181,B,3,R,2,R,1,6
181,B,3,R,3,R,1,
181,B,3,R,4,L,0,
181,B,3,R,5,R,1,
181,B,3,R,6,R,1,
181,B,3,R,7,R,1,
181,B,3,R,8,R,1,
181,B,3,R,9,R,1,
181,B,3,R,10,R,1,
181,B,3,R,11,R,1,
181,B,3,R,12,L,0,
181,B,3,R,13,R,1,
181,B,3,R,14,R,1,
181,B,3,R,15,R,1,
181,B,3,R,16,R,1,
181,B,3,R,17,R,1,
181,B,3,R,18,R,1,
181,B,3,R,19,R,1,
181,B,3,R,20,R,1,
181,B,3,R,21,R,1,
181,B,3,R,22,R,1,
181,B,3,R,23,R,1,
181,B,3,R,24,R,1,
181,B,3,R,25,R,1,
181,B,3,R,26,L,0,
181,B,3,R,27,R,1,
181,B,3,R,28,R,1,
181,B,3,R,29,R,1,
181,B,3,R,30,L,0,
181,B,3,R,31,R,1,
181,B,3,R,32,R,1,
181,B,3,R,33,R,1,
181,B,3,R,34,L,0,
181,B,3,R,35,R,1,
181,B,3,R,36,R,1,
181,B,3,R,37,R,1,
181,B,3,R,38,R,1,
181,B,3,R,39,R,1,
181,B,3,R,40,R,1,
182,A,2,R,1,R,1,
182,A,2,R,2,R,1,30
182,A,2,R,3,R,1,
182,A,2,R,4,R,1,
182,A,2,R,5,L,0,
182,A,2,R,6,R,1,
182,A,2,R,7,R,1,
182,A,2,R,8,R,1,
182,A,2,R,9,L,0,
182,A,2,R,10,R,1,
182,A,2,R,11,R,1,
182,A,2,R,12,R,1,
182,A,2,R,13,R,1,
182,A,2,R,14,L,0,
182,A,2,R,15,R,1,
182,A,2,R,16,R,1,
182,A,2,R,17,R,1,
182,A,2,R,18,R,1,
182,A,2,R,19,R,1,
182,A,2,R,20,R,1,
182,A,2,R,21,L,0,
182,A,2,R,22,R,1,
182,A,2,R,23,R,1,
182,A,2,R,24,R,1,
182,A,2,R,25,R,1,
182,A,2,R,26,R,1,
182,A,2,R,27,R,1,
182,A,2,R,28,L,0,
182,A,2,R,29,R,1,
182,A,2,R,30,R,1,
182,A,2,R,31,L,0,
182,A,2,R,32,R,1,
182,A,2,R,33,L,0,
182,A,2,R,34,R,1,
182,A,2,R,35,R,1,
182,A,2,R,36,R,1,
182,A,2,R,37,L,0,
182,A,2,R,38,R,1,
182,A,2,R,39,R,1,
182,A,2,R,40,R,1,
185,B,3,L,1,L,1,
185,B,3,L,2,L,1,16
185,B,3,L,3,R,0,
185,B,3,L,4,L,1,
185,B,3,L,5,L,1,
185,B,3,L,6,L,1,
185,B,3,L,7,R,0,
185,B,3,L,8,L,1,
185,B,3,L,9,L,1,
185,B,3,L,10,L,1,
185,B,3,L,11,R,0,
185,B,3,L,12,L,1,
185,B,3,L,13,L,1,
185,B,3,L,14,R,0,
185,B,3,L,15,L,1,
185,B,3,L,16,L,1,
185,B,3,L,17,R,0,
185,B,3,L,18,L,1,
185,B,3,L,19,L,1,
185,B,3,L,20,L,1,
185,B,3,L,21,L,1,
185,B,3,L,22,L,1,
185,B,3,L,23,L,1,
185,B,3,L,24,R,0,
185,B,3,L,25,L,1,
185,B,3,L,26,L,1,
185,B,3,L,27,L,1,
185,B,3,L,28,L,1,
185,B,3,L,29,R,0,
185,B,3,L,30,L,1,
185,B,3,L,31,R,0,
185,B,3,L,32,R,0,
185,B,3,L,33,L,1,
185,B,3,L,34,L,1,
185,B,3,L,35,L,1,
185,B,3,L,36,L,1,
185,B,3,L,37,R,0,
185,B,3,L,38,L,1,
185,B,3,L,39,R,0,
185,B,3,L,40,R,0,
186,B,2,L,1,L,1,
186,B,2,L,2,L,1,105
186,B,2,L,3,L,1,
186,B,2,L,4,R,0,
186,B,2,L,5,L,1,
186,B,2,L,6,L,1,
186,B,2,L,7,L,1,
186,B,2,L,8,L,1,
186,B,2,L,9,L,1,
186,B,2,L,10,L,1,
186,B,2,L,11,L,1,
186,B,2,L,12,L,1,
186,B,2,L,13,L,1,
186,B,2,L,14,L,1,
186,B,2,L,15,L,1,
186,B,2,L,16,L,1,
186,B,2,L,17,L,1,
186,B,2,L,18,L,1,
186,B,2,L,19,R,0,
186,B,2,L,20,L,1,
186,B,2,L,21,L,1,
186,B,2,L,22,L,1,
186,B,2,L,23,L,1,
186,B,2,L,24,L,1,
186,B,2,L,25,L,1,
186,B,2,L,26,L,1,
186,B,2,L,27,L,1,
186,B,2,L,28,L,1,
186,B,2,L,29,L,1,
186,B,2,L,30,L,1,
186,B,2,L,31,,0,
186,B,2,L,32,,0,
186,B,2,L,33,,0,
186,B,2,L,34,,0,
186,B,2,L,35,,0,
186,B,2,L,36,,0,
186,B,2,L,37,,0,
186,B,2,L,38,,0,
186,B,2,L,39,,0,
186,B,2,L,40,,0,
187,A,3,R,1,L,0,
187,A,3,R,2,R,1,5
187,A,3,R,3,R,1,
187,A,3,R,4,R,1,
187,A,3,R,5,L,0,
187,A,3,R,6,R,1,
187,A,3,R,7,R,1,
187,A,3,R,8,R,1,
187,A,3,R,9,R,1,
187,A,3,R,10,R,1,
187,A,3,R,11,R,1,
187,A,3,R,12,R,1,
187,A,3,R,13,R,1,
187,A,3,R,14,R,1,
187,A,3,R,15,R,1,
187,A,3,R,16,R,1,
187,A,3,R,17,R,1,
187,A,3,R,18,R,1,
187,A,3,R,19,R,1,
187,A,3,R,20,R,1,
187,A,3,R,21,R,1,
187,A,3,R,22,R,1,
187,A,3,R,23,R,1,
187,A,3,R,24,R,1,
187,A,3,R,25,R,1,
187,A,3,R,26,R,1,
187,A,3,R,27,R,1,
187,A,3,R,28,R,1,
187,A,3,R,29,R,1,
187,A,3,R,30,R,1,
187,A,3,R,31,R,1,
187,A,3,R,32,R,1,
187,A,3,R,33,R,1,
187,A,3,R,34,R,1,
187,A,3,R,35,R,1,
187,A,3,R,36,R,1,
187,A,3,R,37,L,0,
187,A,3,R,38,R,1,
187,A,3,R,39,R,1,
187,A,3,R,40,R,1,
188,B,1,L,1,L,1,
188,B,1,L,2,L,1,2
188,B,1,L,3,L,1,
188,B,1,L,4,L,1,
188,B,1,L,5,L,1,
188,B,1,L,6,L,1,
188,B,1,L,7,L,1,
188,B,1,L,8,L,1,
188,B,1,L,9,L,1,
188,B,1,L,10,L,1,
188,B,1,L,11,L,1,
188,B,1,L,12,L,1,
188,B,1,L,13,L,1,
188,B,1,L,14,L,1,
188,B,1,L,15,L,1,
188,B,1,L,16,L,1,
188,B,1,L,17,L,1,
188,B,1,L,18,L,1,
188,B,1,L,19,L,1,
188,B,1,L,20,L,1,
188,B,1,L,21,L,1,
188,B,1,L,22,L,1,
188,B,1,L,23,L,1,
188,B,1,L,24,L,1,
188,B,1,L,25,L,1,
188,B,1,L,26,L,1,
188,B,1,L,27,L,1,
188,B,1,L,28,L,1,
188,B,1,L,29,L,1,
188,B,1,L,30,L,1,
188,B,1,L,31,R,0,
188,B,1,L,32,L,1,
188,B,1,L,33,L,1,
188,B,1,L,34,L,1,
188,B,1,L,35,L,1,
188,B,1,L,36,L,1,
188,B,1,L,37,L,1,
188,B,1,L,38,L,1,
188,B,1,L,39,L,1,
188,B,1,L,40,L,1,
189,B,1,L,1,L,1,
189,B,1,L,2,L,1,2
189,B,1,L,3,L,1,
189,B,1,L,4,R,0,
189,B,1,L,5,R,0,
189,B,1,L,6,L,1,
189,B,1,L,7,L,1,
189,B,1,L,8,L,1,
189,B,1,L,9,L,1,
189,B,1,L,10,R,0,
189,B,1,L,11,R,0,
189,B,1,L,12,L,1,
189,B,1,L,13,L,1,
189,B,1,L,14,L,1,
189,B,1,L,15,L,1,
189,B,1,L,16,L,1,
189,B,1,L,17,L,1,
189,B,1,L,18,L,1,
189,B,1,L,19,L,1,
189,B,1,L,20,L,1,
189,B,1,L,21,L,1,
189,B,1,L,22,L,1,
189,B,1,L,23,L,1,
189,B,1,L,24,R,0,
189,B,1,L,25,L,1,
189,B,1,L,26,L,1,
189,B,1,L,27,L,1,
189,B,1,L,28,L,1,
189,B,1,L,29,L,1,
189,B,1,L,30,L,1,
189,B,1,L,31,L,1,
189,B,1,L,32,R,0,
189,B,1,L,33,L,1,
189,B,1,L,34,L,1,
189,B,1,L,35,L,1,
189,B,1,L,36,L,1,
189,B,1,L,37,L,1,
189,B,1,L,38,L,1,
189,B,1,L,39,L,1,
189,B,1,L,40,L,1,
190,B,2,R,1,R,1,
190,B,2,R,2,R,1,4
190,B,2,R,3,L,0,
190,B,2,R,4,R,1,
190,B,2,R,5,R,1,
190,B,2,R,6,R,1,
190,B,2,R,7,R,1,
190,B,2,R,8,R,1,
190,B,2,R,9,R,1,
190,B,2,R,10,R,1,
190,B,2,R,11,R,1,
190,B,2,R,12,R,1,
190,B,2,R,13,R,1,
190,B,2,R,14,R,1,
190,B,2,R,15,R,1,
190,B,2,R,16,R,1,
190,B,2,R,17,R,1,
190,B,2,R,18,L,0,
190,B,2,R,19,R,1,
190,B,2,R,20,R,1,
190,B,2,R,21,R,1,
190,B,2,R,22,R,1,
190,B,2,R,23,R,1,
190,B,2,R,24,R,1,
190,B,2,R,25,R,1,
190,B,2,R,26,R,1,
190,B,2,R,27,R,1,
190,B,2,R,28,R,1,
190,B,2,R,29,R,1,
190,B,2,R,30,R,1,
190,B,2,R,31,R,1,
190,B,2,R,32,R,1,
190,B,2,R,33,R,1,
190,B,2,R,34,R,1,
190,B,2,R,35,R,1,
190,B,2,R,36,R,1,
190,B,2,R,37,R,1,
190,B,2,R,38,R,1,
190,B,2,R,39,R,1,
190,B,2,R,40,R,1,
195,B,2,L,1,L,1,
195,B,2,L,2,L,1,13
195,B,2,L,3,L,1,
195,B,2,L,4,L,1,
195,B,2,L,5,L,1,
195,B,2,L,6,L,1,
195,B,2,L,7,L,1,
195,B,2,L,8,L,1,
195,B,2,L,9,R,0,
195,B,2,L,10,L,1,
195,B,2,L,11,R,0,
195,B,2,L,12,L,1,
195,B,2,L,13,L,1,
195,B,2,L,14,L,1,
195,B,2,L,15,L,1,
195,B,2,L,16,R,0,
195,B,2,L,17,L,1,
195,B,2,L,18,L,1,
195,B,2,L,19,L,1,
195,B,2,L,20,R,0,
195,B,2,L,21,L,1,
195,B,2,L,22,L,1,
195,B,2,L,23,L,1,
195,B,2,L,24,R,0,
195,B,2,L,25,L,1,
195,B,2,L,26,L,1,
195,B,2,L,27,L,1,
195,B,2,L,28,L,1,
195,B,2,L,29,L,1,
195,B,2,L,30,R,0,
195,B,2,L,31,L,1,
195,B,2,L,32,R,0,
195,B,2,L,33,L,1,
195,B,2,L,34,L,1,
195,B,2,L,35,L,1,
195,B,2,L,36,L,1,
195,B,2,L,37,L,1,
195,B,2,L,38,L,1,
195,B,2,L,39,L,1,
195,B,2,L,40,L,1,
196,B,3,L,1,L,1,
196,B,3,L,2,L,1,3
196,B,3,L,3,L,1,
196,B,3,L,4,L,1,
196,B,3,L,5,L,1,
196,B,3,L,6,L,1,
196,B,3,L,7,L,1,
196,B,3,L,8,L,1,
196,B,3,L,9,L,1,
196,B,3,L,10,L,1,
196,B,3,L,11,L,1,
196,B,3,L,12,L,1,
196,B,3,L,13,L,1,
196,B,3,L,14,L,1,
196,B,3,L,15,L,1,
196,B,3,L,16,L,1,
196,B,3,L,17,L,1,
196,B,3,L,18,L,1,
196,B,3,L,19,L,1,
196,B,3,L,20,L,1,
196,B,3,L,21,L,1,
196,B,3,L,22,L,1,
196,B,3,L,23,L,1,
196,B,3,L,24,L,1,
196,B,3,L,25,L,1,
196,B,3,L,26,L,1,
196,B,3,L,27,L,1,
196,B,3,L,28,L,1,
196,B,3,L,29,L,1,
196,B,3,L,30,L,1,
196,B,3,L,31,L,1,
196,B,3,L,32,L,1,
196,B,3,L,33,L,1,
196,B,3,L,34,L,1,
196,B,3,L,35,L,1,
196,B,3,L,36,R,0,
196,B,3,L,37,L,1,
196,B,3,L,38,L,1,
196,B,3,L,39,L,1,
196,B,3,L,40,L,1,
197,A,2,L,1,L,1,
197,A,2,L,2,L,1,3
197,A,2,L,3,L,1,
197,A,2,L,4,L,1,
197,A,2,L,5,L,1,
197,A,2,L,6,L,1,
197,A,2,L,7,L,1,
197,A,2,L,8,L,1,
197,A,2,L,9,L,1,
197,A,2,L,10,L,1,
197,A,2,L,11,L,1,
197,A,2,L,12,L,1,
197,A,2,L,13,L,1,
197,A,2,L,14,R,0,
197,A,2,L,15,L,1,
197,A,2,L,16,L,1,
197,A,2,L,17,R,0,
197,A,2,L,18,L,1,
197,A,2,L,19,L,1,
197,A,2,L,20,L,1,
197,A,2,L,21,L,1,
197,A,2,L,22,L,1,
197,A,2,L,23,L,1,
197,A,2,L,24,L,1,
197,A,2,L,25,L,1,
197,A,2,L,26,L,1,
197,A,2,L,27,L,1,
197,A,2,L,28,L,1,
197,A,2,L,29,L,1,
197,A,2,L,30,R,0,
197,A,2,L,31,R,0,
197,A,2,L,32,L,1,
197,A,2,L,33,L,1,
197,A,2,L,34,L,1,
197,A,2,L,35,L,1,
197,A,2,L,36,L,1,
197,A,2,L,37,L,1,
197,A,2,L,38,L,1,
197,A,2,L,39,L,1,
197,A,2,L,40,L,1,